-- phpMyAdmin SQL Dump
-- version 5.0.2
-- https://www.phpmyadmin.net/
--
-- Servidor: 127.0.0.1
-- Tiempo de generación: 10-06-2023 a las 17:15:35
-- Versión del servidor: 10.4.14-MariaDB
-- Versión de PHP: 7.4.10

SET SQL_MODE = "NO_AUTO_VALUE_ON_ZERO";
START TRANSACTION;
SET time_zone = "+00:00";


/*!40101 SET @OLD_CHARACTER_SET_CLIENT=@@CHARACTER_SET_CLIENT */;
/*!40101 SET @OLD_CHARACTER_SET_RESULTS=@@CHARACTER_SET_RESULTS */;
/*!40101 SET @OLD_COLLATION_CONNECTION=@@COLLATION_CONNECTION */;
/*!40101 SET NAMES utf8mb4 */;

--
-- Base de datos: `adminalumn23`
--

-- --------------------------------------------------------

--
-- Estructura de tabla para la tabla `alumnos`
--

CREATE TABLE `alumnos` (
  `id` int(11) NOT NULL,
  `nombre` varchar(50) NOT NULL,
  `apellido` varchar(50) NOT NULL,
  `dni` int(11) NOT NULL
) ENGINE=InnoDB DEFAULT CHARSET=utf8mb4;

--
-- Volcado de datos para la tabla `alumnos`
--

INSERT INTO `alumnos` (`id`, `nombre`, `apellido`, `dni`) VALUES
(1, 'Juan', 'Perez', 22333333),
(2, 'Lorena', 'Lopez', 22333555);

-- --------------------------------------------------------

--
-- Estructura de tabla para la tabla `alumnosmaterias`
--

CREATE TABLE `alumnosmaterias` (
  `idAlumno` int(11) NOT NULL,
  `idMateria` int(11) NOT NULL
) ENGINE=InnoDB DEFAULT CHARSET=utf8mb4;

--
-- Volcado de datos para la tabla `alumnosmaterias`
--

INSERT INTO `alumnosmaterias` (`idAlumno`, `idMateria`) VALUES
(1, 3),
(1, 4),
(2, 2),
(1, 1);

-- --------------------------------------------------------

--
-- Estructura de tabla para la tabla `materias`
--

CREATE TABLE `materias` (
  `id` int(11) NOT NULL,
  `nombre` varchar(50) NOT NULL,
  `descripcion` varchar(50) NOT NULL,
  `idProfesor` int(11) NOT NULL,
  `idPreceptor` int(11) DEFAULT NULL
) ENGINE=InnoDB DEFAULT CHARSET=utf8mb4;

--
-- Volcado de datos para la tabla `materias`
--

INSERT INTO `materias` (`id`, `nombre`, `descripcion`, `idProfesor`, `idPreceptor`) VALUES
(1, 'Quimica', 'q', 1, 1),
(2, 'Matemática', 'M', 1, 2),
(3, 'Geografía', 'g', 2, 2),
(4, 'Literatura', 'l', 1, 1);

-- --------------------------------------------------------

--
-- Estructura de tabla para la tabla `preceptores`
--

CREATE TABLE `preceptores` (
  `id` int(11) NOT NULL,
  `nombre` varchar(50) NOT NULL,
  `apellido` varchar(50) NOT NULL,
  `dni` int(11) NOT NULL
) ENGINE=InnoDB DEFAULT CHARSET=utf8mb4;

--
-- Volcado de datos para la tabla `preceptores`
--

INSERT INTO `preceptores` (`id`, `nombre`, `apellido`, `dni`) VALUES
(1, 'Romualdo', 'Correa', 23555444),
(2, 'Lorena', 'Juarez', 23111111);

-- --------------------------------------------------------

--
-- Estructura de tabla para la tabla `profesores`
--

CREATE TABLE `profesores` (
  `id` int(11) NOT NULL,
  `nombre` varchar(50) NOT NULL,
  `apellido` varchar(50) NOT NULL,
  `dni` int(11) NOT NULL
) ENGINE=InnoDB DEFAULT CHARSET=utf8mb4;

--
-- Volcado de datos para la tabla `profesores`
--

INSERT INTO `profesores` (`id`, `nombre`, `apellido`, `dni`) VALUES
(1, 'Sandro', 'Armesto', 23444555),
(2, 'Roxana', 'Amet', 23555555);

--
-- Índices para tablas volcadas
--

--
-- Indices de la tabla `alumnos`
--
ALTER TABLE `alumnos`
  ADD PRIMARY KEY (`id`);

--
-- Indices de la tabla `alumnosmaterias`
--
ALTER TABLE `alumnosmaterias`
  ADD KEY `idAlumno` (`idAlumno`),
  ADD KEY `idMateria` (`idMateria`);

--
-- Indices de la tabla `materias`
--
ALTER TABLE `materias`
  ADD PRIMARY KEY (`id`),
  ADD KEY `idProfesor` (`idProfesor`),
  ADD KEY `idPreceptor` (`idPreceptor`);

--
-- Indices de la tabla `preceptores`
--
ALTER TABLE `preceptores`
  ADD PRIMARY KEY (`id`);

--
-- Indices de la tabla `profesores`
--
ALTER TABLE `profesores`
  ADD PRIMARY KEY (`id`);

--
-- AUTO_INCREMENT de las tablas volcadas
--

--
-- AUTO_INCREMENT de la tabla `alumnos`
--
ALTER TABLE `alumnos`
  MODIFY `id` int(11) NOT NULL AUTO_INCREMENT, AUTO_INCREMENT=3;

--
-- AUTO_INCREMENT de la tabla `materias`
--
ALTER TABLE `materias`
  MODIFY `id` int(11) NOT NULL AUTO_INCREMENT, AUTO_INCREMENT=5;

--
-- AUTO_INCREMENT de la tabla `preceptores`
--
ALTER TABLE `preceptores`
  MODIFY `id` int(11) NOT NULL AUTO_INCREMENT, AUTO_INCREMENT=3;

--
-- AUTO_INCREMENT de la tabla `profesores`
--
ALTER TABLE `profesores`
  MODIFY `id` int(11) NOT NULL AUTO_INCREMENT, AUTO_INCREMENT=3;

--
-- Restricciones para tablas volcadas
--

--
-- Filtros para la tabla `alumnosmaterias`
--
ALTER TABLE `alumnosmaterias`
  ADD CONSTRAINT `alumnosmaterias_ibfk_1` FOREIGN KEY (`idAlumno`) REFERENCES `alumnos` (`id`),
  ADD CONSTRAINT `alumnosmaterias_ibfk_2` FOREIGN KEY (`idMateria`) REFERENCES `materias` (`id`);

--
-- Filtros para la tabla `materias`
--
ALTER TABLE `materias`
  ADD CONSTRAINT `materias_ibfk_1` FOREIGN KEY (`idProfesor`) REFERENCES `profesores` (`id`),
  ADD CONSTRAINT `materias_ibfk_2` FOREIGN KEY (`idPreceptor`) REFERENCES `preceptores` (`id`);
COMMIT;

/*!40101 SET CHARACTER_SET_CLIENT=@OLD_CHARACTER_SET_CLIENT */;
/*!40101 SET CHARACTER_SET_RESULTS=@OLD_CHARACTER_SET_RESULTS */;
/*!40101 SET COLLATION_CONNECTION=@OLD_COLLATION_CONNECTION */;
